"seller_name","seller_location","seller_product","seller_product_price","seller_product_wishlistcount"
"Specialist Networking","DKI Jakarta","Inotrix SG411 Switch Poe Gigabit 4 Port +1 Port Uplink + SFP","Rp 580.000","2"
"Redcom","DKI Jakarta","TRANSCEND Storejet 25H3 1TB Harddisk External Antishock","Rp 778.000","2"
"Indo Audio","DKI Jakarta","Taffware Bluetooth Audio USB External Soundcard Live Broadcast Mic V8S","Rp 159.200","96"
"zero promosi","Tangerang","FLASHDISK PLASTIK MODEL FLIP ON FDPL38","Rp 40.000","1"
"JOJO CompTech","DKI Jakarta","Corsair Carbide Series 110Q Quiet ATX Mid-Tower Case - Black","Rp 960.000","1"
"Specialist Networking","DKI Jakarta","Inotrix IRWCT Wireless IR Remote Control Support Alexa, Google Home","Rp 189.500","1"
"Specialist Networking","DKI Jakarta","Inotrix MDC6 Modular RJ45 Cat 6","Rp 45.000","1"
"Specialist Networking","DKI Jakarta","Inotrix SPOG42 Switch Poe Gigabit 4 Port + 2 Uplink","Rp 450.000","1"
"JOJO CompTech","DKI Jakarta","Aerocool Cylon 3 ARGB RGB LED Low Profile Heatsink Air CPU Cooler","Rp 292.000","1"
"Specialist Networking","DKI Jakarta","Qintech FC-6S Cleaver Fiber Optikal Cutter","Rp 194.999","1"
"zero promosi","Tangerang","Barang Promosi Flashdisk Kunci FDMT17 Gold Kualitas Premium","Rp 33.500","1"
"Kelvin Online Shop","DKI Jakarta","Taffware Gaming Mouse Pad XL Desk Mat Motif Peta Dunia - MP002","Rp 23.400","1065"
"Indo Audio","DKI Jakarta","Taffware USB External Soundcard Live Broadcast Microphone Headset - V8","Rp 159.200","414"
"Indo Audio","DKI Jakarta","Taffware BM-800 Paket Smule Microphone +Scissor Stand +Holder +Filter","Rp 190.400","124"
"GudangGrosir","DKI Jakarta","Overfly Splitter Audio Shape U 3.5mm ke Headphone & Mic - K0650","Rp 7.700","503"
"Best Deal Shop","DKI Jakarta","Taffware HUMI Kipas Cooler Mini Arctic Air Conditioner 8W - AA-MC4","Rp 119.200","454"
"SoundSquare","DKI Jakarta","Taffware Mikrofon Kondenser Studio dengan Shock Proof Mount - BM-800","Rp 90.900","468"
"Kelvin Online Shop","DKI Jakarta","Taffware Gaming Mouse Pad XL Desk Mat Polos - MP001","Rp 31.200","601"
"MyGadgets","DKI Jakarta","Rhodey Sleeve Case Laptop Macbook with Pouch - AK01","Rp 33.100","455"
"Fast n Cheap","DKI Jakarta","Taffware ICE FAN 3 Universal Laptop Vacuum Cooler","Rp 46.000","357"
"MyGadgets","DKI Jakarta","NAJU ICE FAN Cooling Pad Laptop 5 Kipas - K5","Rp 183.700","319"
"GudangGrosir","DKI Jakarta","Microphone Headphone Audio Splitter 3.5mm ke 2 x 3.5mm - FA29735","Rp 6.200","252"
"Jagoan Memory","DKI Jakarta","SanDisk Cruzer Blade USB Flash Drive - SDCZ50","Rp 43.800","320"
"Fast n Cheap","DKI Jakarta","TaffLED Goodland Lampu USB 28 LED dengan Modul ON / OFF - LZY-028","Rp 14.700","348"
"Computindo","DKI Jakarta","Taffware Kabel Adapter HDMI ke VGA Female - HD008","Rp 29.100","245"
"ABC Store","DKI Jakarta","TaffWare Mouse Wireless Optical Iron Man 2.4Ghz - GFSK-M8","Rp 63.100","361"
"Fast n Cheap","DKI Jakarta","Splitter Audio Cable 3.5mm Male to 3.5mm HiFi Mic Headphone - AV123","Rp 6.000","188"
"Fast n Cheap","DKI Jakarta","Taffware EVA Case for External HDD 2.5 Inch / Power Bank - HD-A1","Rp 12.000","251"
"MyGadgets","DKI Jakarta","Gaming Mouse Pad XL Desk Mat 300 x 800 mm - MP005","Rp 23.400","208"
"Indo Audio","DKI Jakarta","Overfly Splitter Audio Shape U 3.5mm ke Mic & Mic - K0650","Rp 7.700","0"
"Palugada","DKI Jakarta","Blueprint Tinta 100ml Epson 003","Rp 42.000","0"
"JOJO CompTech","DKI Jakarta","aigo darkFlash ICY T-240 RGB LED 240mm AIO CPU Liquid Cooler","Rp 880.000","0"
"JOJO CompTech","DKI Jakarta","aigo darkFlash ICY T-120 RGB LED 120mm AIO CPU Liquid Cooler","Rp 680.000","0"
"HP Gaming Official","DKI Jakarta","HP Keyboard Gaming Membrane K300","Rp 140.000","0"
"HP Gaming Official","DKI Jakarta","HP Keyboard Gaming Membrane K500Y","Rp 195.000","0"
"HP Gaming Official","DKI Jakarta","HP Keyboard Gaming Membrane K130","Rp 120.000","0"
"JOJO CompTech","DKI Jakarta","VENOMRX H61 LGA1155 DDR3 Micro ATX Motherboard","Rp 570.000","0"
"IT ZONE","DKI Jakarta","Gamesir VX2 Aimswitch Gaming Keypad for PS4 PC Switch XBOX Keypad","Rp 1.680.000","0"
"Rexus Official Store","DKI Jakarta","Rexus USB Hub 3.1 H345 4 Port + LAN RJ45 GigaBit + Converter Type C","Rp 179.000","0"
"Rexus Official Store","DKI Jakarta","Rexus USB Hub 3.1 H336 4 Port + Converter Type C","Rp 134.000","0"
"Rexus Official Store","DKI Jakarta","Rexus USB Hub 3.1 H332 7 Port + Converter Type C","Rp 152.000","0"
"Rexus Official Store","DKI Jakarta","Rexus USB Hub 3.1 H331 4 Port + Converter Type C","Rp 134.000","0"
"Pondok Bambu Shop","DKI Jakarta","Kabel Audio AUX 1M V-GeN CA1-01","Rp 18.200","0"
"Rexus Official Store","DKI Jakarta","Rexus USB Hub 3.1 H327 4 Port","Rp 134.000","0"
"Rexus Official Store","DKI Jakarta","Rexus Keyboard Mouse Headset Gaming Warfaction VR3 MAX Combo","Rp 349.000","0"
"zero promosi","Tangerang","USB Gelang Kotak Souvenir promosi FDBR01","Rp 31.500","0"
"IT ZONE","DKI Jakarta","Mouse Pad Logitech G Powerplay Mousepad Wireless Charging","Rp 1.630.000","0"
"zero promosi","Tangerang","Flashdisk unik berbentuk rubik tipe FDSPC25 untuk souvenir","Rp 36.000","0"
"IT ZONE","DKI Jakarta","Razer Huntsman Opto Gaming Keyboard RGB Lighting Original","Rp 2.240.000","0"
"zero promosi","Tangerang","Souvenir USB Flashdisk Swivel Harga murah ( FDPL11 ) - 4GB","Rp 30.500","0"
"Kobucca Shop","Surabaya","KERTAS PCB KUNING HEAT TRANSFER PAPER TONER LASER JET PRINTER SPARE PA","Rp 3.400","0"
"Sinarmulia","DKI Jakarta","MSI Notebook GL65 9SEK [9S7-16U512-231] - Black","Rp 20.999.000","0"
"Sinarmulia","DKI Jakarta","HP Pavilion - 13-an1034tu","Rp 10.700.000","0"
"zero promosi","Tangerang","Flashdisk Tali Lanyard 4GB -FDSPC02-LANYARD flashdisk","Rp 37.000","0"
"wiensstore","DKI Jakarta","Samsung DDR4 PC2400-19200 Sodimm Ram Laptop","Rp 305.000","0"
"Sinarmulia","DKI Jakarta","HP Pavilion - 13-an1035tu","Rp 10.700.000","0"
"Sinarmulia","DKI Jakarta","HP Pavilion 13-an1036tu Silver","Rp 13.600.000","0"
"Sinarmulia","DKI Jakarta","HP Pavilion 13-an1037tu Gold","Rp 13.600.000","0"
"JOJO CompTech","DKI Jakarta","Logitech G PRO LIGHTSPEED HERO 16K Sensor Wireless Gaming Mouse","Rp 2.079.000","0"
"JOJO CompTech","DKI Jakarta","Logitech G PRO HERO 16K Sensor Lightsync RGB for Esports Gaming Mouse","Rp 919.000","0"